vnd,P22808,31003,transcription factor,Drosophila melanogaster
zld,X2BZL0,32994,transcription factor,Drosophila melanogaster
Sp1,Q8IRM5,31913,transcription factor,Drosophila melanogaster
ko,Q9VP79,40330,target gene,Drosophila melanogaster
tant,Q8T0D4,44785,target gene,Drosophila melanogaster
Dad,Q8SZT4,-,target gene,Drosophila melanogaster
btd,Q24266,31912,transcription factor,Drosophila melanogaster
aurA,Q9VGF9,41446,target gene,Drosophila melanogaster
Ant2,O62526,32008,target gene,Drosophila melanogaster
cbt,Q4R0P9,-,transcription factor,Drosophila melanogaster
Adf1,P05552,47082,transcription factor,Drosophila melanogaster
Pax,Q966T5,35215,transcription factor,Drosophila melanogaster
sv,O16117,43825,transcription factor,Drosophila melanogaster
Dmel\CG13196,Q7JUW8,36250,target gene,Drosophila melanogaster
Ance,Q10714,34805,target gene,Drosophila melanogaster
Bx,M9PI02,32846,target gene,Drosophila melanogaster
Kr,P07247,38012,transcription factor,Drosophila melanogaster
side,A0A0B4K7N1,43300,transcription factor,Drosophila melanogaster
ftz-f1,P33244,40045,transcription factor,Drosophila melanogaster
fz2,Q9VVX3,40090,target gene,Drosophila melanogaster
Sema1b,Q7KK54,37007,target gene,Drosophila melanogaster
Dref,Q86NK7,-,transcription factor,Drosophila melanogaster
luna,Q8MR37,2768719,transcription factor,Drosophila melanogaster
Med,Q8IMG6,43725,transcription factor,Drosophila melanogaster
dsx,P23023,40940,transcription factor,Drosophila melanogaster
sls,Q9I7U4,44013,target gene,Drosophila melanogaster
tup,P92031,-,transcription factor,Drosophila melanogaster
Pdp1,M9PEP3,45588,transcription factor,Drosophila melanogaster
Hsp70Ab,P02825,44920;48581,target gene,Drosophila melanogaster
Mtk,Q24395,36708,target gene,Drosophila melanogaster
Klf15,O77251,-,transcription factor,Drosophila melanogaster
prd,P06601,34629,transcription factor,Drosophila melanogaster
vri,Q7KTN9,33759,transcription factor,Drosophila melanogaster
ko,Q6AWN7,-,target gene,Drosophila melanogaster
dap,Q7JNL9,36001,target gene,Drosophila melanogaster
bib,P23645,34330,target gene,Drosophila melanogaster
B4YXM1_DROME,B4YXM1,-,transcription factor,Drosophila melanogaster
Sp1,R9PY21,31913,transcription factor,Drosophila melanogaster
Hr96,Q24143,42993,transcription factor,Drosophila melanogaster
Hsp27,P02518,39078,target gene,Drosophila melanogaster
Bx,Q8IQX7,32846,target gene,Drosophila melanogaster
Pdp1,Q5U8V5,45588,transcription factor,Drosophila melanogaster
oc,P22810,31802,transcription factor,Drosophila melanogaster
Spps,Q9VCB2,42882,transcription factor,Drosophila melanogaster
ss,Q8MSL0,-,target gene,Drosophila melanogaster
Hr78,Q24142,40378,transcription factor,Drosophila melanogaster
sens,Q9N658,45328,transcription factor,Drosophila melanogaster
caup,P54269,39440,target gene,Drosophila melanogaster
bcd,P09081,40830,transcription factor,Drosophila melanogaster
Brd,Q5G1X9,-,target gene,Drosophila melanogaster
Fer1HCH,Q7KMQ5,-,target gene,Drosophila melanogaster
Cpr47Ee,Q8MQM6,-,target gene,Drosophila melanogaster
Dtg,Q9VG45,41558,target gene,Drosophila melanogaster
hid,Q24106,40009,target gene,Drosophila melanogaster
tup,Q9VJ37,35147,transcription factor,Drosophila melanogaster
lbe,Q61676,-,transcription factor,Drosophila melanogaster
apt,A0A0B4KGD0,37734,transcription factor,Drosophila melanogaster
sage,Q8SYH4,-,target gene,Drosophila melanogaster
disco,P23792,32579,transcription factor,Drosophila melanogaster
Ubx,P83949,42034,transcription factor,Drosophila melanogaster
ap,P29673,35509,transcription factor,Drosophila melanogaster
Trl,Q08605,2768981,transcription factor,Drosophila melanogaster
Ser,P18168,43275,target gene,Drosophila melanogaster
sv,O16804,-,transcription factor,Drosophila melanogaster
side,Q9VB35,43300,transcription factor,Drosophila melanogaster
D,Q24533,39570,transcription factor,Drosophila melanogaster
da,P11420,34413,transcription factor,Drosophila melanogaster
Spps,Q2XXX8,-,transcription factor,Drosophila melanogaster
Spps,A0A0B4KHC8,42882,transcription factor,Drosophila melanogaster
ATPsynbeta,Q05825,43829,target gene,Drosophila melanogaster
InR,P09208,42549,target gene,Drosophila melanogaster
dap,P91668,-,target gene,Drosophila melanogaster
Rel,Q94527,41087,transcription factor,Drosophila melanogaster
MtnD,Q8I9B4,326270,target gene,Drosophila melanogaster
msn,M9PBJ7,44030,target gene,Drosophila melanogaster
ph-d,Q9NF31,44889,target gene,Drosophila melanogaster
apt,O16114,-,transcription factor,Drosophila melanogaster
Orc2,Q24168,41703,target gene,Drosophila melanogaster
Dronc,Q9XYF4,39173,target gene,Drosophila melanogaster
PCNA,P17917,37290,target gene,Drosophila melanogaster
dysf,Q9VBH3,43174,target gene,Drosophila melanogaster
ase,P09775,30985,transcription factor,Drosophila melanogaster
rpr,Q24475,40015,target gene,Drosophila melanogaster
dwg,Q9U9D0,-,transcription factor,Drosophila melanogaster
orb,Q8IMZ2,42752,target gene,Drosophila melanogaster
BEAF-32,Q7JN06,36645,transcription factor,Drosophila melanogaster
Pax,Q2PDT4,35215,transcription factor,Drosophila melanogaster
ush,Q9VPQ6,33225,target gene,Drosophila melanogaster
Pdp1,Q9TVQ4,45588,transcription factor,Drosophila melanogaster
tj,Q9VIW0,35227,transcription factor,Drosophila melanogaster
ems,P18488,41697,transcription factor,Drosophila melanogaster
Ddc,P05031,35190,target gene,Drosophila melanogaster
Cp18,P07184,38998,target gene,Drosophila melanogaster
Prm,P35416,39002,target gene,Drosophila melanogaster
pan,P91943,43769,transcription factor,Drosophila melanogaster
MTF-1,Q1LZ06,-,transcription factor,Drosophila melanogaster
per,P07663,31251,target gene,Drosophila melanogaster
Sps2,Q9VKY8,34397,target gene,Drosophila melanogaster
MTF-1,X2JCQ6,39089,transcription factor,Drosophila melanogaster
PH4alphaSG2,Q9I7H5,43623,target gene,Drosophila melanogaster
Fs(2)Ket,O18388,35336,transcription factor,Drosophila melanogaster
Pax,Q8INW7,35215,transcription factor,Drosophila melanogaster
dwg,Q9W4V9,31265,transcription factor,Drosophila melanogaster
side,Q967X6,-,transcription factor,Drosophila melanogaster
Dys,Q9VDW3,42327,transcription factor,Drosophila melanogaster
Pdp1,Q8IQ99,45588,transcription factor,Drosophila melanogaster
sna,P08044,34908,transcription factor,Drosophila melanogaster
C15,Q7JQ85,-,target gene,Drosophila melanogaster
Bx,M9PHX4,32846,target gene,Drosophila melanogaster
dpn,Q26263,35800,transcription factor,Drosophila melanogaster
tj,M9PG80,35227,transcription factor,Drosophila melanogaster
brk,Q960G9,-,transcription factor,Drosophila melanogaster
nullo,P32845,31652,target gene,Drosophila melanogaster
kn,P56721,45318,transcription factor,Drosophila melanogaster
shn,Q24605,-,transcription factor,Drosophila melanogaster
meso18E,Q9V3Z3,53448,target gene,Drosophila melanogaster
jing,Q7KHG2,35555,transcription factor,Drosophila melanogaster
Pdp1,M9PEX4,45588,transcription factor,Drosophila melanogaster
Dmel\CG31211,Q86B98,41443,target gene,Drosophila melanogaster
apt,O44203,-,transcription factor,Drosophila melanogaster
Eip75B,P13055,39999,target gene,Drosophila melanogaster
Hsp26,P02517,39075,target gene,Drosophila melanogaster
bam,P22745,43038,target gene,Drosophila melanogaster
MTF-1,Q9NFS1,-,transcription factor,Drosophila melanogaster
Pdp1,Q9TVY0,-,transcription factor,Drosophila melanogaster
kay,A8MPH9,3772082,transcription factor,Drosophila melanogaster
Doc1,Q8MYX3,-,transcription factor,Drosophila melanogaster
Optix,Q95RW8,44108,target gene,Drosophila melanogaster
cry,O77059,42305,target gene,Drosophila melanogaster
Antp,P02833,40835,transcription factor,Drosophila melanogaster
Brd,Q5G1Y7,-,target gene,Drosophila melanogaster
Eig71Eg,Q24058,-,target gene,Drosophila melanogaster
Sgs8,P02842,39285,target gene,Drosophila melanogaster
side,A0A0B4K6K0,43300,transcription factor,Drosophila melanogaster
Hr39,Q05192,35398,transcription factor,Drosophila melanogaster
Dmel\CG42741,Q9W1W2,37654,transcription factor,Drosophila melanogaster
sage,Q9VHG3,41105,target gene,Drosophila melanogaster
zen,P09089,40828,transcription factor,Drosophila melanogaster
Tm1,P06754,41852,target gene,Drosophila melanogaster
Sidpn,Q9VJ16,35168,transcription factor,Drosophila melanogaster
otu,P10383,31789,target gene,Drosophila melanogaster
ph-p,P39769,31181,target gene,Drosophila melanogaster
Pax,Q9VIX3,35215,transcription factor,Drosophila melanogaster
Act57B,P53501,37368,target gene,Drosophila melanogaster
Dad,O15968,-,target gene,Drosophila melanogaster
cwo,Q9VGZ5,44669,transcription factor,Drosophila melanogaster
cDNA,Q9VGG3,41443,target gene,Drosophila melanogaster
Eip74EF,P20105,39962,transcription factor,Drosophila melanogaster
Fad2,Q9NFT2,-,target gene,Drosophila melanogaster
Dys,Q9VDW6,42327,transcription factor,Drosophila melanogaster
Gtp-bp,Q9U5L1,47251,target gene,Drosophila melanogaster
Dref,O96083,-,transcription factor,Drosophila melanogaster
fkh,P14734,43383,transcription factor,Drosophila melanogaster
Hsf,P22813,37068,transcription factor,Drosophila melanogaster
Eig71Eg,Q9VUT0,39708,target gene,Drosophila melanogaster
Adhr,P91615,3772432,target gene,Drosophila melanogaster
Med,Q7KPL1,-,transcription factor,Drosophila melanogaster
Sema1b,O44253,-,target gene,Drosophila melanogaster
Med,O62609,43725,transcription factor,Drosophila melanogaster
Crys,O96967,-,target gene,Drosophila melanogaster
dap,Q8SZG6,-,target gene,Drosophila melanogaster
numb,P16554,34263,target gene,Drosophila melanogaster
bin,Q9VS05,38766,transcription factor,Drosophila melanogaster
zfh1,P28166,43650,transcription factor,Drosophila melanogaster
byn,P55965,39349,transcription factor,Drosophila melanogaster
Dref,Q94883,34328,transcription factor,Drosophila melanogaster
Cp15,P07185,38999,target gene,Drosophila melanogaster
ng2,P40139,31298,target gene,Drosophila melanogaster
lbe,Q9VDA1,-,transcription factor,Drosophila melanogaster
Yp1,P02843,31939,target gene,Drosophila melanogaster
shn,Q0E9C5,36171,transcription factor,Drosophila melanogaster
Fer1HCH,Q8I0T0,46415,target gene,Drosophila melanogaster
Atg5,Q9W3R7,31666,target gene,Drosophila melanogaster
B4YXM3_DROME,B4YXM3,-,transcription factor,Drosophila melanogaster
Pdp1,Q24217,45588,transcription factor,Drosophila melanogaster
sv,Q59DP0,43825,transcription factor,Drosophila melanogaster
Eig71Eg,Q24075,-,target gene,Drosophila melanogaster
Tl,P08953,43222,target gene,Drosophila melanogaster
Eip74EF,P11536,39962,transcription factor,Drosophila melanogaster
E(spl)m7-HLH,P13097,43160,target gene,Drosophila melanogaster
gcm,Q27403,34277,transcription factor,Drosophila melanogaster
slbo,Q02637,37889,transcription factor,Drosophila melanogaster
E(spl),P13098,43161,transcription factor,Drosophila melanogaster
Su(H),P28159,34881,transcription factor,Drosophila melanogaster
vvl,P16241,38752,transcription factor,Drosophila melanogaster
dar1,Q9VZN4,38436,transcription factor,Drosophila melanogaster
pho,Q8ST83,43819,transcription factor,Drosophila melanogaster
Pdp1,M9PBV3,45588,transcription factor,Drosophila melanogaster
E(spl)m4-BFM,P13095,43157,target gene,Drosophila melanogaster
foxo,Q95V55,41709,transcription factor,Drosophila melanogaster
ph-d,Q9W523,44889,target gene,Drosophila melanogaster
Stat92E,Q24151,42428,transcription factor,Drosophila melanogaster
vri,Q8MZ04,-,transcription factor,Drosophila melanogaster
Pdp1,Q86P99,-,transcription factor,Drosophila melanogaster
bab2,Q9W0K4,44254,target gene,Drosophila melanogaster
shn,Q8SZT5,-,transcription factor,Drosophila melanogaster
Edg84A,P27780,40818,target gene,Drosophila melanogaster
tj,Q7JS61,-,transcription factor,Drosophila melanogaster
zld,Q9VWC6,32994,transcription factor,Drosophila melanogaster
DNApol-alpha73,Q9VB62,43278,target gene,Drosophila melanogaster
Doc1,M9PBY6,39039,transcription factor,Drosophila melanogaster
ss,O61543,-,target gene,Drosophila melanogaster
Dad,Q5U110,42059,target gene,Drosophila melanogaster
otp,P56672,37364,target gene,Drosophila melanogaster
Top2,P15348,35225,transcription factor,Drosophila melanogaster
ato,P48987,40975,transcription factor,Drosophila melanogaster
bap,P22809,42537,transcription factor,Drosophila melanogaster
tsh,P22265,35430,transcription factor,Drosophila melanogaster
inv,P05527,36239,target gene,Drosophila melanogaster
His2B,P02283,326273;3771809;3771891;3771957;3772013;3772058;3772081;3772083;3772094;3772099;3772104;3772166;3772203;3772248;3772264;3772265;3772271;3772276;3772299;3772336;3772496;3772502;3772575,transcription factor,Drosophila melanogaster
CHES-1-like,M9PDZ5,31678,transcription factor,Drosophila melanogaster
h,P14003,38995,transcription factor,Drosophila melanogaster
MTF-1,Q9GRX2,-,transcription factor,Drosophila melanogaster
run,P22814,33059,target gene,Drosophila melanogaster
ss,E1JIM6,41988,target gene,Drosophila melanogaster
msn,M9PH19,44030,target gene,Drosophila melanogaster
Fer1HCH,A0A0B4KI27,46415,target gene,Drosophila melanogaster
Hand,Q9VL05,34379,target gene,Drosophila melanogaster
Dys,Q0KI50,42327,transcription factor,Drosophila melanogaster
cad,P09085,35341,transcription factor,Drosophila melanogaster
dysf,Q2WGN8,-,target gene,Drosophila melanogaster
Tg,Q9VLU2,34093,target gene,Drosophila melanogaster
ninaE,P06002,42367,target gene,Drosophila melanogaster
tld,P25723,42945,target gene,Drosophila melanogaster
sca,P21520,36411,target gene,Drosophila melanogaster
Pax,Q9GSE0,-,transcription factor,Drosophila melanogaster
sim,P05709,41612,target gene,Drosophila melanogaster
ras,Q07152,43873,target gene,Drosophila melanogaster
Eip75B,P17672,39999,target gene,Drosophila melanogaster
Lip4,M9PCU5,34450,target gene,Drosophila melanogaster
br,Q9W572,44505,transcription factor,Drosophila melanogaster
MTA1-like,Q9VNF6,40693,transcription factor,Drosophila melanogaster
sv,Q59DN9,43825,transcription factor,Drosophila melanogaster
shn,A1Z8F4,36171,transcription factor,Drosophila melanogaster
Hr3,P31396,36073,transcription factor,Drosophila melanogaster
apt,Q9W1M6,37734,transcription factor,Drosophila melanogaster
Prm,P35415,39002,target gene,Drosophila melanogaster
Lip4,Q9VKT9,34450,target gene,Drosophila melanogaster
dysf,A8JRD5,43174,target gene,Drosophila melanogaster
sv,Q8IM96,43825,transcription factor,Drosophila melanogaster
Fer1HCH,Q7JMW3,-,target gene,Drosophila melanogaster
VhaPPA1-1,Q9VFE3,45247,target gene,Drosophila melanogaster
Med,O76259,-,transcription factor,Drosophila melanogaster
toy,Q3YNB0,-,transcription factor,Drosophila melanogaster
gsb-n,P09083,38004,transcription factor,Drosophila melanogaster
abd-A,P29555,42037,transcription factor,Drosophila melanogaster
cDNA,Q86B99,41443,target gene,Drosophila melanogaster
shn,Q24107,-,transcription factor,Drosophila melanogaster
side,B7Z0R1,43300,transcription factor,Drosophila melanogaster
Tbp,P20227,37476,target gene,Drosophila melanogaster
slp2,P32031,33608,target gene,Drosophila melanogaster
apt,O17430,-,transcription factor,Drosophila melanogaster
Sox15,P40657,36575,target gene,Drosophila melanogaster
ara,Q24248,39439,transcription factor,Drosophila melanogaster
br,E1JJB2,44505,transcription factor,Drosophila melanogaster
tud,P25823,37417,target gene,Drosophila melanogaster
salm,P39770,34569,target gene,Drosophila melanogaster
lab,P10105,40817,transcription factor,Drosophila melanogaster
gsb,P09082,38005,transcription factor,Drosophila melanogaster
Hsp23,P02516,39077,target gene,Drosophila melanogaster
Vm32E,Q9VKI3,34558,target gene,Drosophila melanogaster
ko,O18363,-,target gene,Drosophila melanogaster
Med,O61458,-,transcription factor,Drosophila melanogaster
Fer1HCH,H1UUD2,46415,target gene,Drosophila melanogaster
Eip78C,P45447,40345,transcription factor,Drosophila melanogaster
y,P09957,30980,target gene,Drosophila melanogaster
PPO1,Q7K2W6,37044,target gene,Drosophila melanogaster
Rh6,O01668,41889,target gene,Drosophila melanogaster
slp1,P32030,33607,transcription factor,Drosophila melanogaster
REG,Q9V3P3,32274,target gene,Drosophila melanogaster
bs,Q24535,37890,target gene,Drosophila melanogaster
alphaTub84B,P06603,40848,target gene,Drosophila melanogaster
PH4alphaSG2,Q8IGX7,-,target gene,Drosophila melanogaster
sv,Q59DN8,43825,transcription factor,Drosophila melanogaster
Cpr47Ee,A1Z8H6,36193,target gene,Drosophila melanogaster
Pax,Q9VIX2,35215,transcription factor,Drosophila melanogaster
toy,L0MPR7,43833,transcription factor,Drosophila melanogaster
Myb,P04197,32543,transcription factor,Drosophila melanogaster
PH4alphaSG1,Q8T5S7,-,target gene,Drosophila melanogaster
Bx,O77284,32846,target gene,Drosophila melanogaster
orb,Q8IHE0,-,target gene,Drosophila melanogaster
br,Q8IRX4,44505,transcription factor,Drosophila melanogaster
TkR86C,P30974,41286,target gene,Drosophila melanogaster
l(1)sc,P09774,30983,transcription factor,Drosophila melanogaster
tgo,O15945,41084,transcription factor,Drosophila melanogaster
msn,Q7KV90,44030,target gene,Drosophila melanogaster
Brd,Q5G1W4,-,target gene,Drosophila melanogaster
MTF-1,A8JNP3,39089,transcription factor,Drosophila melanogaster
Sgs4,Q00725,31304,target gene,Drosophila melanogaster
apt,O61602,37734,transcription factor,Drosophila melanogaster
Mef2,P40791,36032,transcription factor,Drosophila melanogaster
kay,P21525,3772082,transcription factor,Drosophila melanogaster
bi,Q24432,31379,target gene,Drosophila melanogaster
Dys,Q7YU29,42327,transcription factor,Drosophila melanogaster
C15,Q7KS72,42544,target gene,Drosophila melanogaster
Pdp1,Q7KKI2,45588,transcription factor,Drosophila melanogaster
cbt,Q95R58,-,transcription factor,Drosophila melanogaster
lbe,Q7KS77,42542,transcription factor,Drosophila melanogaster
orb,Q8IMZ3,42752,target gene,Drosophila melanogaster
exd,P40427,32567,transcription factor,Drosophila melanogaster
MTA1-like,A0A0B4KG70,40693,transcription factor,Drosophila melanogaster
pros,P29617,41363,target gene,Drosophila melanogaster
Dmel\CG17806,Q9VEF3,42142,transcription factor,Drosophila melanogaster
ey,O18381,43812,transcription factor,Drosophila melanogaster
E(spl)mdelta-HLH,Q01071,43150,target gene,Drosophila melanogaster
pnr,P52168,44849,transcription factor,Drosophila melanogaster
ss,Q9VEV9,41988,target gene,Drosophila melanogaster
chn,Q7YU81,36678,transcription factor,Drosophila melanogaster
opa,P39768,40605,transcription factor,Drosophila melanogaster
sv,D1YSG9,43825,transcription factor,Drosophila melanogaster
ct,P10180,44540,transcription factor,Drosophila melanogaster
Hsp83,P02828,38389,target gene,Drosophila melanogaster
pan,Q8IMA8,43769,transcription factor,Drosophila melanogaster
Sur,Q9VL32,-,target gene,Drosophila melanogaster
M1BP,Q9VHM3,41042,transcription factor,Drosophila melanogaster
twi,P10627,37655,transcription factor,Drosophila melanogaster
z,P09956,31230,transcription factor,Drosophila melanogaster
srp,P52172,41944,transcription factor,Drosophila melanogaster
C15,Q9VD99,-,target gene,Drosophila melanogaster
hh,Q02936,42737,target gene,Drosophila melanogaster
Cat,P17336,40048,target gene,Drosophila melanogaster
zld,M9NES1,32994,transcription factor,Drosophila melanogaster
svp,P16375,41491,target gene,Drosophila melanogaster
btl,Q09147,39564,target gene,Drosophila melanogaster
br,Q24206,44505,transcription factor,Drosophila melanogaster
ttk,P17789,48317,transcription factor,Drosophila melanogaster
Adh,P00334,3771877,target gene,Drosophila melanogaster
MTF-1,Q8IQC5,39089,transcription factor,Drosophila melanogaster
hkb,Q9VN10,40549,transcription factor,Drosophila melanogaster
Raf,P11346,31221,target gene,Drosophila melanogaster
Egfr,P04412,37455,target gene,Drosophila melanogaster
ind,O96620,-,transcription factor,Drosophila melanogaster
CecA1,C0HKQ7,43596;43597,target gene,Drosophila melanogaster
dap,Q5BHZ7,-,target gene,Drosophila melanogaster
grau,Q9U405,45871,transcription factor,Drosophila melanogaster
jumu,Q9XTP7,41265,transcription factor,Drosophila melanogaster
msn,Q7KV89,44030,target gene,Drosophila melanogaster
Sp1,M9PJG1,31913,transcription factor,Drosophila melanogaster
ftz,P02835,40834,transcription factor,Drosophila melanogaster
mid,Q8SYY8,-,transcription factor,Drosophila melanogaster
msn,Q9W002,44030,target gene,Drosophila melanogaster
CycE,P54733,34924,target gene,Drosophila melanogaster
Ndg,A1Z877,36089,target gene,Drosophila melanogaster
Abd-B,P09087,47763,transcription factor,Drosophila melanogaster
CHES-1-like,Q9U1H1,-,transcription factor,Drosophila melanogaster
MTF-1,Q95TF7,-,transcription factor,Drosophila melanogaster
Sxl,P19339,3772180,target gene,Drosophila melanogaster
emc,P18491,38091,target gene,Drosophila melanogaster
msn,Q7KV88,44030,target gene,Drosophila melanogaster
mid,Q9VMR2,33770,transcription factor,Drosophila melanogaster
hth,O46339,41273,transcription factor,Drosophila melanogaster
Fer1HCH,B8A405,46415,target gene,Drosophila melanogaster
sd,P30052,32536,transcription factor,Drosophila melanogaster
Pax,Q9BPQ9,-,transcription factor,Drosophila melanogaster
Pi3K92E,P91634,42446,transcription factor,Drosophila melanogaster
usp,P20153,31165,transcription factor,Drosophila melanogaster
dap,P91654,-,target gene,Drosophila melanogaster
E(spl)mgamma-HLH,Q01070,43151,target gene,Drosophila melanogaster
Dl,P10041,42313,transcription factor,Drosophila melanogaster
lz,Q9W349,31883,transcription factor,Drosophila melanogaster
Doc1,Q9U8L5,39039,transcription factor,Drosophila melanogaster
br,Q01295,44505,transcription factor,Drosophila melanogaster
aop,Q01842,33392,transcription factor,Drosophila melanogaster
B4YXN0_DROME,B4YXN0,-,transcription factor,Drosophila melanogaster
E(spl)m5-HLH,P13096,43158,transcription factor,Drosophila melanogaster
eater,Q9VB78,43262,target gene,Drosophila melanogaster
gt,P39572,31227,transcription factor,Drosophila melanogaster
E2f1,Q27368,42550,transcription factor,Drosophila melanogaster
toy,Q9V490,43833,transcription factor,Drosophila melanogaster
toy,Q9XZC2,-,transcription factor,Drosophila melanogaster
CrebA,P29747,39682,transcription factor,Drosophila melanogaster
Brd,O16528,39620,target gene,Drosophila melanogaster
Pax,Q8MQX3,-,transcription factor,Drosophila melanogaster
rho,P20350,38168,target gene,Drosophila melanogaster
MTA1-like,B7Z0T5,40693,transcription factor,Drosophila melanogaster
ple,P18459,38746,target gene,Drosophila melanogaster
Trf,Q27896,34102,transcription factor,Drosophila melanogaster
Sp1,A8JUN6,31913,transcription factor,Drosophila melanogaster
apt,Q8MLR4,37734,transcription factor,Drosophila melanogaster
shn,Q8MQL7,-,transcription factor,Drosophila melanogaster
vg,Q26366,36421,target gene,Drosophila melanogaster
shf,Q9W3W5,31617,target gene,Drosophila melanogaster
ind,Q7KUL4,2768974,transcription factor,Drosophila melanogaster
mod,P13469,43764,target gene,Drosophila melanogaster
MTF-1,Q9VSY7,39089,transcription factor,Drosophila melanogaster
gl,P13360,42210,transcription factor,Drosophila melanogaster
Pdp1,Q8SZT1,45588,transcription factor,Drosophila melanogaster
dpp,P07713,33432,target gene,Drosophila melanogaster
Aef1,P39413,40370,transcription factor,Drosophila melanogaster
ac,P10083,30981,transcription factor,Drosophila melanogaster
Dfd,P07548,40832,transcription factor,Drosophila melanogaster
trh,Q24119,38065,transcription factor,Drosophila melanogaster
ind,Q963L0,-,transcription factor,Drosophila melanogaster
Tg,Q8IPH0,34093,target gene,Drosophila melanogaster
BEAF-32,Q94513,36645,transcription factor,Drosophila melanogaster
nub,P31368,34669,transcription factor,Drosophila melanogaster
Sgs3,P02840,39288,target gene,Drosophila melanogaster
lbe,Q7JMT6,-,transcription factor,Drosophila melanogaster
br,D8FT05,44505,transcription factor,Drosophila melanogaster
Pax,D3DMM0,35215,transcription factor,Drosophila melanogaster
Rh3,P04950,42398,target gene,Drosophila melanogaster
Deaf1,Q24180,40164,transcription factor,Drosophila melanogaster
ttk,P42282,48317,transcription factor,Drosophila melanogaster
Klf15,Q0IGQ2,31410,transcription factor,Drosophila melanogaster
DNApol-alpha180,P26019,42553,target gene,Drosophila melanogaster
Fad2,Q9VTD4,44006,target gene,Drosophila melanogaster
Jra,P18289,36057,transcription factor,Drosophila melanogaster
Glg1,M9PIG4,40382,transcription factor,Drosophila melanogaster
Tm1,P49455,41852,target gene,Drosophila melanogaster
tll,P18102,43656,transcription factor,Drosophila melanogaster
B4YXM2_DROME,B4YXM2,-,transcription factor,Drosophila melanogaster
Fer1HCH,Q7KRU8,46415,target gene,Drosophila melanogaster
Dll,P20009,37973,transcription factor,Drosophila melanogaster
zld,Q7YU17,-,transcription factor,Drosophila melanogaster
MTF-1,Q494H3,-,transcription factor,Drosophila melanogaster
Med,O77069,-,transcription factor,Drosophila melanogaster
br,M9MSM6,44505,transcription factor,Drosophila melanogaster
orb,Q9VCN7,42752,target gene,Drosophila melanogaster
brk,Q9XTN4,31665,transcription factor,Drosophila melanogaster
so,Q27350,35662,transcription factor,Drosophila melanogaster
sli,P24014,36746,target gene,Drosophila melanogaster
ZIPIC,Q9VAB8,43566,transcription factor,Drosophila melanogaster
Gsc,P54366,33240,transcription factor,Drosophila melanogaster
Clk,O61735,38872,target gene,Drosophila melanogaster
Med,Q9U010,-,transcription factor,Drosophila melanogaster
sob,Q9VQS7,33581,transcription factor,Drosophila melanogaster
Mad,P42003,33529,transcription factor,Drosophila melanogaster
Pdp1,Q9TW49,45588,transcription factor,Drosophila melanogaster
aurA,Q27393,-,target gene,Drosophila melanogaster
sv,Q59DN7,43825,transcription factor,Drosophila melanogaster
Cf2,P20385,33692,transcription factor,Drosophila melanogaster
Hr38,P49869,35332,transcription factor,Drosophila melanogaster
hb,P05084,41032,transcription factor,Drosophila melanogaster
Glg1,Q9VP27,40382,transcription factor,Drosophila melanogaster
kni,P10734,40287,transcription factor,Drosophila melanogaster
svp,P16376,41491,target gene,Drosophila melanogaster
Rh5,P91657,34615,target gene,Drosophila melanogaster
vri,O18660,-,transcription factor,Drosophila melanogaster
eya,Q05201,33916,target gene,Drosophila melanogaster
Gnf1,P35600,40607,target gene,Drosophila melanogaster
w,P10090,31271,target gene,Drosophila melanogaster
eve,P06602,36039,transcription factor,Drosophila melanogaster
vri,Q9VMS4,33759,transcription factor,Drosophila melanogaster
Lip4,M9MRM3,34450,target gene,Drosophila melanogaster
cbt,Q8IPV7,33224,transcription factor,Drosophila melanogaster
tup,Q9Y0Z9,35147,transcription factor,Drosophila melanogaster
MTA1-like,Q9VNF7,40693,transcription factor,Drosophila melanogaster
dysf,A8JRD4,43174,target gene,Drosophila melanogaster
Eip75B,P17671,39999,target gene,Drosophila melanogaster
ci,P19538,43767,transcription factor,Drosophila melanogaster
Pdp1,Q8IQ98,45588,transcription factor,Drosophila melanogaster
Fbp1,Q04691,39566,target gene,Drosophila melanogaster
grh,P13002,37038,transcription factor,Drosophila melanogaster
orb,Q24433,-,target gene,Drosophila melanogaster
Mes4,Q9W256,37560,target gene,Drosophila melanogaster
PH4alphaSG1,Q9VA63,326112,target gene,Drosophila melanogaster
Mes4,Q8MSF2,-,target gene,Drosophila melanogaster
ovo,P51521,31429,transcription factor,Drosophila melanogaster
pnt,P51023,42757,transcription factor,Drosophila melanogaster
Pdp1,Q9TVS7,-,transcription factor,Drosophila melanogaster
Dmel\CG1602,Q8MSB3,35684,transcription factor,Drosophila melanogaster
CHES-1-like,Q9W3Q5,31678,transcription factor,Drosophila melanogaster
dysf,Q6RZA5,-,target gene,Drosophila melanogaster
en,P02836,36240,transcription factor,Drosophila melanogaster
cbt,Q9VPQ5,33224,transcription factor,Drosophila melanogaster
PH4alphaSG2,Q8SWR1,-,target gene,Drosophila melanogaster
bab1,Q9W0K7,38116,transcription factor,Drosophila melanogaster
Sp1,Q9U1K4,-,transcription factor,Drosophila melanogaster
nau,P22816,42799,transcription factor,Drosophila melanogaster
orb,Q8IHC3,42752,target gene,Drosophila melanogaster
ng1,P23938,31300,target gene,Drosophila melanogaster
wg,P09615,34009,target gene,Drosophila melanogaster
Dtg,Q960I9,-,target gene,Drosophila melanogaster
EcR,P34021,35540,transcription factor,Drosophila melanogaster
eIF4A,Q02748,33835,target gene,Drosophila melanogaster
sc,P10084,30982,transcription factor,Drosophila melanogaster
shn,A0A0B4KFC0,36171,transcription factor,Drosophila melanogaster
betaTub60D,P08841,37888,target gene,Drosophila melanogaster
Crys,Q9VKE2,34604,target gene,Drosophila melanogaster
dl,P15330,35047,transcription factor,Drosophila melanogaster
tin,P22711,42536,transcription factor,Drosophila melanogaster